id,puzzle
1,061004589009003207027900000108090476090007053576300002982001700010009000743082001
2,900500628006010340304007190120080500098075203567002900019006000002000401705000860
3,046030501758104200103850947009300600084670005560412800800043002002961000000008400
4,060000592050092360072350004000039075300067040607400003020900400509680721000501930
5,500000009630025000090007230023800006000100324067003190218049063046780952759032401
6,500390068987006100600050904120083500000075241700120890201000050065000002078060300
7,024009000531206040986347025042053070093070250050904380218000003300008092460030508
8,007098054003126807001050000030584070094601020506000401208049063349005710705210000
9,012003065065004803000206100000305078309417056000000310207030601400002580650000002
10,840079000002350840756020190214083600980207014367015002420030000071000438600008501
11,301450097980027305405930810000890076804005103067000004003500760050702001048001000
12,000102087028367100060804035040289570890070040657410000080041750300900408010030900
13,000900800008006190002047050003409600089005000570000008001304500064528730700691480
14,809406003052000090073802045120380500000071320307245000291064730536708000040910002
15,082507014640010007701200800104058070800001000067920000208063049050482761476190020
16,004106705060305190000007206200498000008601900970000001000500079039060018007819002
17,070006543506034097100900800203009000890670234467000081321040060008703002740102308
18,000500013000080067902307045120400006800670300460000109089040651546000038731000400
19,100248769890130200600900010210004500349005180000810030980403600452701098703500421
20,001247060320809057000050100002085906084002000075103084208060700450708001003901008
21,300000260542930810008040005123090006050600300406020180081462750265080400700159620
22,000090620694280100000507894020000006809670031500132048918320760002000489006058010
23,340102605570036004106007023213980007000000201607213040801000700900760002700001380
24,900700000280046935400920810120090576890560100675010400018070600500302040040600008
25,900000000607005020400092167030000070802000014076314092000003056000021089769400000
26,200700900460105007005004030004900070300000019970050200017530060540670391030402750
27,200001340903020000000057000020490600390006081007002004031245069600018020000609408
28,000650497090147800004002130019080600030476002467920058082500760370008000040030081
29,096423000403000007052060000000308506905600002307045089238750601540936700079802400
30,100674003300810240049230000213080070000007300070040089020093654900068000065001908
31,063000000900205400500806090032000670890500230070020000080394056046008010059600084
32,957004000638025000400860005003080070890070000000102890081003759360751480045298060
33,000036009100045067648097235209004576036579124450610000981060700000008640504000008
34,040153007953207100780046035024005600005070304307020509000060053400532060536000490
35,401000573060000894300045106000800600040206901000000248019400705600710382032000019
36,258107000190000845046805100000058002803674950675010003900523064030009018700001030
37,000203900780190040049007000100480567800076010050010894008020051260050430400001680
38,037485120610023807204060900108396570000078201000214089090600003002701600763000000
39,900180204280005060000900000120490576000070042406000109318769025600502030002804000
40,009060503060005024000003867132004675004006032576030480200300000003050000700610098
41,403020079090060000170905020000400507509100034600253980821030700960018000035600010
42,100060704804100905075934806312005000080270103000300280008453600006712098001089540
43,600030840902856030830000906120005670400671020560900480210090060300762010700008000
44,006825000200006807510340006029460003034501000657032004000654002002009410000000600
45,095007200068000400004805090309084670026000904400036812980050001501768020670300048
46,508706400000003157019040036140908060800160045050300901901002600005479000074081509
47,000000002000904030283050040000090670905006128460280390001530769379640200000700480
48,079004382800005400430020195102300506903500010000200000014608750390002041760003008
49,076000081900104300000807045020305070304008000567040003831900000049012538702000000
50,080009106000084000020300807030590070009610050706000981018742063260035000075061028
51,289000500310000890005007003128040000030000000506102040801564030050003908060900005
52,030201507000040890050800136123409670890170020070500080302004059000732400640000210
53,500070040634019250092340816003487560045090070960503080208000030000150098059000621
54,047065002002804500306120090020080005009576013600200908000040750504700320701000009
55,001050040230040050074920800020480070849000030050013009980001000007890501010062308
56,004639705096007000080245000100090567940576802605812940000050600059708300060920000
57,007050403004000560530800100300204605040070831670030024801060749400782000003000208
58,000370520000100806000256107030482605280000910000003000090005060450020080702809301
59,240080060005200900006094000018400500904576380500803009800640053050031000603050000
60,760030000024156807058047106002400670095000000406200358000004060007000400640590002
61,900002613000103007051400002003040576480000230006031900802050760604018305030920140
62,008003415543810067126050803209000570004605120007190080890030742005008901002040600
63,000204130502100467300860025003089006840570203056000804000620000200048009070000080
64,500039800968024057713806020120983075095207140376410089000508060400601000001070000
65,479013000210006030036207004000390675007105000004000913000038761083001520000000008
66,000401300130207056080900120018540670000760003560100800020094060409005030053070490
67,345780100816030257002056800023000000000200371560001982291500040058010709730000008
68,500080040783090006010000003132400900894070160657912000940500000005700008070000529
69,801050730005803940000900805132009560904000003560032080010000604453708000009200008
70,030000700000807125270406800109384000380070214007015900810000679456792380003068450
71,300200087601937040002056090104300006093605010567124000910500024075008061000000900
72,087500001390000067245107093123098670008071030006000084019742356534806700000050000
73,600400730050820040000007025120080460090016253000004000018005070439070002700040300
74,004780500987006034200930010308207005092805003070341000021073000003509708700608340
75,030961700021087040097245100040893007000506004070024093014008000009700058758009020
76,130084000000190040740006009213407900080000673507839004300000062020000590000928001
77,093600805002100306000040007100896503039200060067003000981564002005030000006000008
78,059070360234096150617030000028040536090680470006001928901027000560400780700008005
79,608040723030850046000030095023000500004070230506020904081000002002700600705392400
80,060201498040936120290800056004080005986000034300000809010090760032070001079104580
81,720840090410005000598000030102489570800070312007300948980624003205001480070900001
82,080000200100287906002140005015490060839070400007523109000035604301904528506000700
83,400800930803205160210930800100390500340000200069000384980021700601700400700083690
84,050007068107006925000190347200048670900071200000030014001004780608019032020000090
85,007260354000034007203050106300085000090370200600900403000043761500721030001690540
86,981046030705123800004800107023004076006257300007060980310472059509608003000000400
87,150000026000020900090800007205380604980040050340001009400650700039002068768000010
88,002000090085004000043007016124085070809001004567900003208063751306018000400509008
89,500000400080294050046105800132050600090016035607903080000549063009870002005002000
90,080000100045800267712450803020905000800067025060203981938500600056001408071028500
91,927805006504206000008047020039408672200001900006092580801024063002080019700069258
92,000005100836190257020030900010040675347510090509000000400650729092070500703901060
93,000147000670290804059836007120000605390670040860400010018703050500000080000508069
94,500000704904057820278146005129403567385600040400090000800530000040700308053862090
95,300175000000200030070804105200000576098007000500010980800953000900700400051648302
96,469007001720100806018056907002000009800001300076020184980060703240839610050000008
97,503289600018300905970145020029400006080506100057010080092650001005090068000803409
98,300615000708924105015807900020460509809000200500203010981300600200500491604170002
99,906450120243019007507006800100000600094675081075100009039701406401908032702000918
100,080500310205180407100940000018090000052030004604800900800400003003628001769001208
101,003500184500104200400806957020900600800200000630005002000740003049000020706320400
102,450001600310286045000000800130800576080605139000103284003042001541000392060009058
103,034100700697800024025007003008304060349500000000080040001053070060000930053900610
104,490012537012307846300406102123084000809675210007000980004008750280001409000009000
105,086394007107825906000067804400039000050470001600500249860040500020003760009600400
106,002070046673094020090006107204080670300460000507900080820000003046038502030601498
107,247039000980006037006050920120403670409070000670510080891365700002084091700000568
108,700406003000083900030100850108049670903675102007800304890504761005960020401020530
109,800064500102803067060000019210000000085306190090510304008005700540708006006000250
110,635872409009105067017946235108003070000007084000401000060304000002009640754000302
111,107000000004100030000207005210000070409675128000000304080004060500761209762903051
112,094703008020090340067824000010349576009000000006000034080470200002908751750600409
113,406052003090100246000300095003498067040000000507200084038520670200801000050030400
114,084360020100400006070825030010980007095100240060003981000600475350709002740010000
115,617394580005000300408207000000528673000061954506003001090430005352600010704080009
116,601004730790003000000900815100389000030675124067000903008456300070090451002731008
117,953704800002900450647825193100300069309067205570240000298000600430002000005003010
118,369800020850290106240000890103480075000020010976130040500943702030000000094002000
119,090000030800030907406097005123984506004675203605103000000409062000760381062008009
120,436008179900137040027946000208000007009671082600800000090503704500782690762400050
121,560008720300047856700250934003480007009070010057012400908564300035000000470003100
122,100068023004023805000007046213894067985070314000010000300002600000081400741039008
123,010030050692100800038060094023006000805901060960002401000500740070010528056728300
124,310008000006140007700030019100480570094507103060010940230604701009000305050793080
125,000007650604030890000806004210008465830964001470250908000503040500749000700682500
126,040000683008006050000045092020080000085100239070500800801030045034008900000014300
127,002501000150200937006900025200000604408672001500304209001409000649703008735068000
128,000937026100820000090150000203480670409671053076203401000008704038700500740560098
129,834200600070000190509460023000900576985106300467000901298600705301700469700593200
130,016070095237090000085006107120000074000407502070612000092300061041720350003900000
131,010508060070136900603007815124093570895670342000250100981060050032000001000400200
132,000002837508093000006847000203905000005206010907310502830000750000709020790500361
133,230005000106890000000060012310400500080276193967500000093021057600000008704000621
134,410253960506800004300900815139402570000060190075009080903070021200390750000628040
135,081304000002005007065907013003000576096571234540236000010600005359040601670002090
136,050000006300240057467805000000480675089000314070300209010060032000703068706008490
137,860710590009000006435890020013060005984057362600342080098001054501070000040583010
138,017083609000002850089060034020004070000006241400215000802340065001008000003609018
139,000638400080004905400007810200390040904870251500201080800563024042010008605000190
140,000028067002000040708450920024009576009070200567014300000740052206590038075802490
141,790603000640010030300057196002900600850170042460035981000501720210008009006090400
142,063145970805000040040830125020050407006000000057302809902563710031004092600020083
143,041368700065100230973000010024089360300671402600400189000952600002710000700030001
144,027080006064235817310407925000026070080904103476001209890640700002700340040510600
145,040007310908000067015900024120809000804200100067000982000603705006008200409012000
146,370012098020385400000907120000590004400720800500040030001030706602008300000059200
147,070295300531046007000030406123489675980070130640051000018000709069024580000010060
148,960085140000000000830046957123058079009300200640900305000539008300601000000020030
149,300845002090136007010907346003408079049501260600290000080012700231004600050309001
150,001306000000045800590820006025980070309004005007250003010032050458060300000518009
151,900871030810090400700005800123489005080067003067123000298734061300050090600000008
152,080090500300800190709200030138029070942670080007183040801700050000910060074038219
153,020047596806005004940200017100009670407500900560302108000750009003904002790608300
154,726801000050040007040037206030489605000070100500003980003504008495708320070300509
155,057081623030400800009037040003804000984675201506100000318509000640700000095000400
156,072138596009000007800907234023000000980070023007000008090053401500004700746020000
157,040091050100285004502307810203450097409006300070003008821060400006704001730012060
158,508000900020003507100900024010894605894670003607030000001306052005000106002019040
159,600402000920000807045000036102008609009071320560920180200004503390815702706209400
160,070040803009810247402050106020085079890601325706900001000002060067100508340700002
161,720004100340080000150927804200000006405276900007350080802463051031700640074500020
162,009400850500080067800507904002090576083675000607100389210700000370008412005006000
163,040530706008190204306047800120409007089600003007312948000063000904000600765904080
164,302974006000126347476030090120489605804567013007010084080040009009758420741600508
165,060100000009040006307006002008392560923000104076810000800023040630000098052489030
166,392857614568100030004000005020080570000600003600010048080003700035761089400020050
167,398005046070346002024809300000480900040560203700020080080052714205700000060108000
168,003845072025007830407036195002409067800600043746050980098713006000020710500960008
169,400060912900100050610000300102009670090006003506213409200001064061700098045000030
170,040000130100834256000100007308000070092576380500381900900450000604003000050008000
171,600504070052000006049830000104000560905000234367005819200060750430000090576309082
172,801509470000003025039007006142080307003000250005024080204698701390051600700402500
173,102040030730819000509036817000980000894507003050000080025070401060491752400652008
174,632705001010204360008000025020058609805307140407910853000000736070043000356000210
175,000600090009813000865907000042000950000050270006204801010439600098000740000080019
176,600170804345802007800046020030029076296007300074000080981004000400031000003958010
177,230106058508230100900057036003489600000670002675000800009020760452703900000948000
178,093450000000107000000823056120080000000679400046005893081702645062541780000008320
179,501007960032019050047050802023900570005600200006230100018003605054060798700548301
180,200370001008206030350194000002089370580010240967400080090742600000905018730060090
181,040500963080030140000907825318009752904800300605120409800000000400791000050080291
182,104308927730190406900450003013089070800000032476003500001900000029741308040800090
183,100400083050092400402836000200009506300601924097000030920060700000724609000010302
184,076580193039120050000007246318209700924000305507001002090400570001090030040015009
185,904360500000205004032094000103008679040070003007020108090030705368000001475812390
186,009032600406090007035407002000509376093000400507010920981200704004080219602900580
187,932001807000007030570803020123000604800000000067002580080060700001729408000508302
188,005008203008100006900000010023000467090001350007204080081056700370040500050710020
189,000630790000007834000945106128004007035006240406250903801000402340709600657080319
190,039100400047006190801904007000408670004507300670010840300650000096720030750803960
191,540306200000040167216097340028000500305070000604100009800001000000780620760520980
192,000019764000820090000006005129460057080091040470005081091653002543000010060004030
193,070089060258030940190050800410300070500000310030010009023045001040060050705001030
194,021090830097003000860207095002050079004076012605912304200709000009021768056834020
195,174203506030145800520007104010098605805006241067500900901004702006700010742800369
196,210639540000104060490050003100090470050470810670080000030002004500708609009540200
197,080027030107000956360090007218900600003576081070802040001459700002001508750068010
198,128009000070000890695827130219403570830900001407060983001004725500708009703500010
199,000030862000940000037005000123098506080000200046253081200004710300500000500780430
200,279016500080925007503047092100050673034001000657283001000094706005702000046130009
201,480009753906057824502000190103405900804306010600010048200543609005090000000028501
202,704000015826100907109247830018300000095070102060010009941020750072401000080750001
203,851004729206000300000905800024308000305100200060050103010740030042500970009261008
204,016002430000100900700056000028395670300067058000081293000000706402013009600700321
205,000002800800056347530800102103080670080000200600010984210030760349700520060000438
206,400030026235000807000807045123050074040700053507043080000300560010085700050200438
207,000003210900280306002040805000058609000671003007932000080364050351029408476810000
208,008100005005820060009050013020000076084006130607015002831690004956048301000000698
209,040000005000050000950806020029403567380600209576100000090504000062709358030260400
210,001502000060097004003000005024980006005670040037200981382465709419000053050310028
211,002700396506813200437900805020058000908000500670039180251390060080671452764502900
212,871265000300004800905000020100089070080500213060300040008040509650020001793651402
213,570206804000134900934857020102380070080075200057410009005008760098003002003501008
214,002716930104003056963045000010984673008060241047100000800379060439000700750400308
215,060090102109003060000006803213004500500670900090315280021709040006540028040208319
216,268075900074089200930040007020000764006410020407000009080750600010930470042000003
217,090602300000030895003094000210905670089206000607001982001009704000713068000420519
218,798200635051090207260307000123009070480670103070000984015900060030000051040502008
219,750002048238145007040867205000409000085200300007001824090624053524700000003508092
220,489001506500800034000056800023984605004500003600020040930240061040018300701630480
221,025000043600007095798300106010008060846001930300269001000052004000813009000004218
222,426001900008207400507800000219400005800000209675109834900030760002070040754010398
223,000207840000003026290050030010508762804000309605030000080025074040679018002080003
224,926075000384092000570800024100904005000007300460301209010000006640703050053000090
225,549000026002000135301256800123480060984605200057000040210504609005000082730002001
226,600007000803195040002830007014080675000002134350460000020900060500008400700624080
227,000020108070380040000100207100000570805267304467500000910004003308050020700032000
228,000170000100900450734000090003009605840060213607200800020310760305748921470002508
229,627005100900120807518907200040398075000070004070004980001500709069712008003860410
230,080057406970004805002006007210385079390670250560209080801590003620713040735000012
231,030890506560107000090450803004089607050070002370005080983504061200000408600910000
232,450000000003200507709306800130700450084560000060420089090607005371005608040832791
233,320761905001000007460030802139086500280100690500300120000093756093570480745600030
234,603001005107000306900307810018930067000106084400002003000649000501000030769500008
235,807210003321500007054907812030800405000060300470150280010305090569700034000690520
236,003500746027006005600000012010394007349075020070800094000450070030068250005209080
237,301402000069087005007935040132090500904000060006203081040019000600700009700024008
238,001746200807120006020893000100000004980061302076034000218009050000610798760008421
239,960100000010930007300850096039080604285070910406309500890003751650090408740500300
240,064080273005097006020000800030050400096401350457600901008069034549702010070800020
241,095074026074002805800356000103405000986210350400003000201000760000021093040008502
242,000100700027800045615940800030200500000670010406050002002063470040780030760409208
243,020504076657000034040307120019083650300670000006000308800740560401056082005208490
244,064500008230810006005007100010920007092106305500048210800450073640080592053600801
245,000058602700120045802067100003804560900206300460300928020040050040009230600032080
246,570820400001305967004160805102486070900000306000953000019030700008094231740512608
247,507600082002100307400027090100004076000570200000203809298000704050000621060050000
248,003785016607002835100346000300058600050000080806013204900500000000809302704620008
249,700400003002006457459037816003080604890000000560320000008742560001905008045000792
250,019300000005004020864005130028400003403570060000003004900740350000039710700800009
251,018003000050000207430006800100409600800065000506002980900040360302008000000000000
252,305000000900100457000900010009000604080007000400010002000530040042008000603000008
253,000100873000087100000000000000000560000306002067502900910600004056000000070059020
254,001030640003080000070920005004000576800500000000040000005072000000408700410000080
255,040900800005006207000000000000030006006071000000000080890600030400003010760800450
256,501830004040100050080007090000080900000000302360042500408200000050000008730000009
257,490200008000109007000006020003000004809000005007000090018040050005030049304005002
258,001870500092030006506000030000400000009060010067000082900542703000000000600708000
259,004007001260090800000050000100000070000200030000061280310009000570602008040700005
260,000850672860000000000000000300009007000005120000213400028000000000700008704000090
261,250904003003000006000800190020000000009000000570200000000003600000702005005090301
262,400000180053000407000806000010300604390000250500204003000003040602085000700001000
263,007000950003490020000000030200003000080670000300100209000000700530708000760034018
264,600037500310890260002006800000409000090000130500002004000000000270000000000728009
265,620580307000027400010000800108090000900005080000010024003400700000708000070960000
266,020900000007000006106205800019040600000000050000090100002400000061009308030806029
267,030000600700806004010005020000050070904000000500200081205310008300769000001000000
268,000900081000200457406010003000008000020600000007002014001023000603004102002009008
269,060004001000000860900007200142080500090076000075000000004010003000050000050002600
270,000700000105000090000003057002009006584007000607000048000000030900600000000831009
271,062003015010200040000807030003900600090071000000000180200500000009008020050000008
272,000005809900800027201000050000400075000501000400063000310002000040700008079080010
273,080050900001092407009000020000000000400005008000610094008004760040720009002000500
274,300070609000000010090006200103089500480560100000003000000030005000052081000600490
275,300500106000020947700040000102905070005000300060001059981604000000008001000000008
276,529300400000000050310000007030409005000076100050000800080004000203950000070030280
277,007000853600080000500930046120000700809000010006041280200403000000000090001092000
278,100005000037000400000830007210000070004000061500001080301008000400569000705000200
279,015000703000000000809000004000934060003070000057800049080243000002700408700018000
280,000098302800004067010067090000000005004000020600300040200000000070046209065000001
281,000500364000040090000007820003000006058002000060100240000005730004000082009320000
282,000090308189004007000056100000300600030000000005182040001000700400905001700000000
283,034050000000800000060000237009200600800400010000030002000002060600000000050010048
284,800070200000000945004920060108300000000000000070240000000000700630710400740000618
285,901000000000000060037806000000300005093560200070010908209430000058002010000001300
286,000037060300010000020900010000394005900670028000000300801003000040700009760080000
287,008530006403200007005810004020308070000000010500100008900000003342700500000080020
288,140000537050800020000007006210900600005600200000005040004000000500060400070108009
289,000800003000047020000300010210480000408601005500002008001500470039000002000090000
290,406020500000105020000060000000000970894001063000002081000600002000718050070290310
291,098013050600000090040950000010000603800070200500000081085700000000060000020039000
292,010587000078000230560020000120000000000000103600230000000450708089060000700000090
293,001008004000000007270004015120095000000007000500241000910050043000083090000009620
294,000070000002009450000206030003090075800007000960025080001000009029830000004901300
295,806000000000100000375040000008092007094608010500013020000064570000780000000035600
296,000000900300806057900000020000080600800070134450000009009500760064000000010000048
297,180000040907034020500800006000958067800001000400003000000609000041000230050040010
298,010203759325000800000005100108400000290070000000310000901002000500000631040001200
299,000000064070040000000000920010960703085027406000300001830079000042030500700080000
300,006000070019000200200400000000069000903708005600030002001200050350070090060800300
301,607200408000000007050030120009058000200670000470003000800060000043010000002000040
302,800040000207005340000007000000039060039500020600000490901023700042008030003900001
303,010600000050107003027800000002004060900500001506000908000000405340050000000028000
304,050000080700080206290450000302000070000007012060030090000005003004000000000300940
305,000200040501000000060050000040300605983070000005010300000003000000068190096020000
306,006010040000030800087000005010094076000500000400160000000003700640050008003400601
307,600007004140920000000346005200070006905000071300000000001608700500000040009500200
308,305040002800000000006007010003080500004562000000400000008000090040900708000830620
309,000057002270819040058230000023004500000000020000305004800000061031002000000060000
310,003000000000000850080957100000048670300670002000005308001000060456000020039060001
311,100007200000090000000820040009300754380005012000000800000000473400010006060080500
312,020000043000000800190000000008509064340608120600400000900060570000085601760020008
313,706000300035100097000000000103490000800600213007200040008004560300001000000050400
314,800247030005010200009000810128403000090070000500080300900000703400060020000000408
315,100002070000047905007900006300400560400001009009320100000050000604000002030000608
316,003000500000800090009307000200900000000000081067100300080050002040000000700069400
317,030080000006000800800900047100098000085000204007005003000043059050002700760000020
318,045010020160800007007050100000900065490060070570002089800500000050400000001000002
319,047000000000000007090800240100080000800002004000305092000000720230040060000090018
320,020500000700020000003400100000800500094000010057100080005040000240701300000089450
321,003008040000300007158000000000500070896403025000600000081020000400061300065000001
322,800000060002036007000000013020000000009070100050124000000060000041002600006408295
323,000800004200107005004900010120400060480070003506030000000300090030012600040090000
324,000003968000206000004007120010409070800000030706300000980500000000060705000000019
325,000000008500800106000067040019003500040070002605012080001005003302708050700000009
326,065010000090050030000026005000900067004700002000000800028001000609200400041090603
327,000000500700800004904307012010004607000100200400050003830000000009003000002090080
328,780051003305000100610000890000925070040000000500000000000000700001403000050009231
329,000000900180000560035007004213000000094006013007002009000700050006020100400000000
330,010000400070000200564903000009380070000006100000010000000400063000700500002030908
331,000100209090047000000006030010608005835070002000090000000060007002015600570800003
332,010040005000090834007000000002009060000001003004050001290003070300708600700000000
333,810065400240000000050200000008094605403000100070100000080401006000708090000000081
334,030005600010300020040007030000000506050001090790200040000030069360010002500900008
335,000000906000000000000935004105094600090060100400800093018500060040700002700008030
336,000008090006200807300100050000000605840070000007001000980000700070400010405700020
337,070043080100000000090057000013090600000300102400002090008000450000030700059820000
338,010025040206100050003800000100000405800570001600000203000003704002000500005090600
339,504070000000000205000000000209305008000007004067010009001004760300000580000608400
340,000730000004800920300040000030000670005100004000002080209000060500000700678500300
341,020013800100200007900000006000000000085072060400159000090064000540700000000920050
342,000050046432800907006040000103000070048600003000003000089000700301000008760290030
343,050000000002090000103006000014300000000070004600205080000500079530004010040910053
344,061003000000000307500946012020000576094000000000200000009602050000790630000000090
345,000000034572080000000050007213000000900000040000020981090040000426700000000802009
346,600430920000090000239050000003080600000600204000300000008049060000700080040200590
347,000140003503206017006007045100000500000670000060300000209000031000000092000003000
348,008000000340050006005040000020089075409000001000023080000030009030708000007002048
349,000358200820197005000200810038400007009000183007010000000900050600700000702004000
350,000020805500006000428000090000005670890070000000000401901030000002700018060040000
351,814000200000000306009200010020300500000600180050080034002000053000700001040050020
352,400001503520800107800000000000409000980007200005003000000035016000008700700040390
353,030009000000100895080200000000005604900060001507040000090000000042500700000018400
354,000000700089007006003800020104389007395000040000000003000702600500008470006013290
355,700000450032100907000800100003409500009006000000030000207300005000004702004010080
356,006900058000100300000007092120894060940000000067030900200000600000050401000712000
357,400001700209000040060400020300094560000603010607000000003549000041060350000002400
358,010006700004000850070020004030008060890000000007210080000001509009000001000560020
359,070000806423006900000007023000590070000000000007010009009700001045000790700002508
360,000000060761800020092000000003009006040000000000203400018360054000500098650700300
361,100200430000000050806400000010020605409600000670000080000500700020009340760031020
362,608930000000020800520000000102000000090076040360401008000000070200000400400008215
363,009040000370095020000006000208000006090007051500010000000074060050003008030600040
364,050002000007000020800060930002480007409005003000100809003700050605040000040056000
365,700000300590030807008000100100008075809071000060400000080003762000009000070040009
366,090000030008000200207800004023080600400000010006213800000000006005700083730050000
367,507000020000856040640000000020980000894000100056000400008302050060000091000590300
368,600102705000300806005000120020500060090271000000000001000000009060700400739054000
369,002100000301000060000057120020400000894000000567310840000540700000701408700000002
370,000900503050020800003806000000000600000070031007030900980004002200010360000590010
371,980070500007000000204006890008000000090060084070582930030900760000700000000020400
372,090400000512003407030050000000080000840000001007201980080006700205700010000509020
373,000830004078095000000000090100400005890600300007000000002000763050000900010003008
374,000700000002100040056204800203400006004060023000002900308005000040000200705620030
375,634870000090000007000006000020307400800501009000000100001000040300008600005090008
376,600005092004030000890007130100004070000070000900602004000709500000001000000000218
377,000600700050007023048900000200890500890006200067000000980362070305009000000000008
378,000700003009006407000005802010089000000500000076300980020004005030000720000800000
379,049200800000087905870000006000096000004500001000000280000004700000050003760000010
380,800000006000000820005006000020095400090000000007000038500600709601700002030540000
381,400005009000810200608907005000080006040000020900006014080640050510000002003050000
382,080700040000010060097000010030004005800007000706132004000000000063090701000620008
383,050020400004090030000060005003000074080502000007004900000609000006000218000000000
384,500000084080205067064007000200300076030608040000100000090010702001700008040003000
385,057060900030005060000900000200004500000570800075180300480620053502000001000000000
386,084600300000080140390200007003400000000070032906000081000702000600004010740000090
387,600590020000007056000000103002309000800070000000010908204000069015008000000000300
388,001800005000006000048030000120000000000007214700004900200460750010008060007000309
389,000090000270103050005000097008009004096000005057002003000430061001700300000000040
390,301000090004009006098000100020400070000560010050003908000004063900005000000000480
391,001704685000000007000306000003080000080107000670040809210500034390402000000631000
392,009080705000107000056020000020090060900000080000010230003000000502700090001009408
393,002000089030080400600000000020490000809507002060302090084000700000000500075004060
394,253180900000090040007300010108000060000000000000002493000023000500000000700561209
395,000003400204106007310000002020000000439675020000000034980040063050030000700000500
396,300050000002090000080200105003089006804001000000004080015060720000000010000012093
397,071900008008020307000040090032080075890075403000301020000000000063710000004008000
398,100000080000104903084000000003000076000367001406002000000640005050003010040800300
399,804006000030800040000000005142560300300001560500003080208030700000200000657000402
400,090100043080094000000007020018600750902000010570400009000005600403900000701030000
401,600184030700203800009060000020008000000300015507010040010700063205600080000001090
402,000805000300000000840207006023080000000006010070000904000000000031658002057021400
403,000603085108000007600050004000000406800400010007002000000000000040760090070009038
404,042070300000000800301000020000000000809640000067031580910000403030009700006010000
405,010200000080036000260007093028350000934000500070002008000000640003000729002004000
406,080000020050087106007006090020095000005700210406100050001000040000802701060000080
407,000000000106090050050104800010000005009506000007000030981030042030900070602000010
408,004900850085100020000000307020090600030001085050068000001540000000000400000002010
409,000165300000000907620900800040000006009000100300002009000020040003749000070053001
410,300080000005007306007205800000400000000000003070012480010503674530000000060800501
411,004530070701000030080060005100000400800401002040052100008005000030008600009010004
412,000630000000100047312050000100000000080270003506900002000080700049001030000300920
413,027910000080200307004060090000400000805700000076050009010600753500008001060000000
414,003017000264803000070000006302084005400500003050000900805001740040000000001020000
415,000700008080034100000006205000905070800000000406000009930070620240000080000300090
416,010308002030100000000050004000000005849000310000003000001045020260900508370020000
417,000000500048030926270000034312900050000000009090000000020093000054060080006008200
418,003009010760000005090100020020900070008067000906000200809041000000000390610002400
419,036000020005007000800006040310400060009608000602010090901003000020060009004820050
420,000500397000004006000900004010006070000870000050200900980603001500708609036000500
421,500601002004020000060050800000009047089000260040000000020000700030700510701000009
422,020003901900000350060100004030904506000000100000030089008309040600700000050012008
423,001903007500000000000820000002080600009750200007000083010000750090071020000002410
424,200901300000000107903060200009000000380576000007002800800420750000750000000009000
425,700000000430006000002130000003098670090000000500004100010700500370000940048010002
426,010000000008100460004507810000030500000605020006000089209400700075900600000003005
427,209800000600037900000040000000000000485000006006050084000500701501000300032690000
428,430700020560000900009046800000000004000367250050100380901000500000098000700501400
429,059400300020000000060037000002800000900001200470300100008009003090060010040000702
430,100000050000000006000800120300409000008070230007001094820094070900008000600500309
431,000064300008007000000800106032006470004005003005001800089003060000700009700000200
432,410008030000100000020000096000009360800070000560000001000702640000006010300000208
433,091000040500100206000030000002409000800076310600000004010600073000001050070000600
434,002070300400200050060800027000080000904500003500002080000004030630000098000900062
435,800013000006800000913200850100359670000100000500002019000500000002000091000064028
436,080074000300000050709800034000480075800200300076000009900040000203001700007000000
437,020805000708046003000030810030080000800070040060302100009000706004060090000000450
438,503860000600027000024000006000080570090001000060059082046500000008040000000090024
439,030000900090100007600007005003900670009470000070201000080302700020700091001040002
440,013070000000180906000230040020008063830000020700024010001850000005700000307040080
441,900000340000200000402000890000500070800600000006412080008905700069000008740006029
442,007301200000046030010900006000009005980700300000000804000010700365070000000003008
443,300200050400090007200060904000000405008100300970305001002600000004720090700000000
444,500002004070046095004890200010900500480100003690000040803500400000000000000000310
445,009870005200095000500300900000000000804000270075000081001000000340009608000000390
446,200400000007026300000800090000000067904008000006003020890001200050000030001000008
447,600400700034100000000900000108090000090008000076005083900000600540700308001002409
448,400000509300005400006000010100480075090076130060012900008904000000000000005620098
449,020600080000100904900000056142900070090576200500000000084000000060700002000400500
450,000006000008190000000035100020050467300601000500040010001000500472000000000704280
451,301200750000810030450367010020009060004506000070020900009038000000750392030000000
452,080096000000800036030040800100400007005001340006000190300060470049030020000000900
453,000024000800030067205060030100300000004070000000000983001050702000002009602010008
454,605180040010000906007000003140000067000000005006020100200900500059700000000805290
455,300002000004003006800050000002049000900200300060010000008000005000060231070020090
456,000000028104080900000000305010820506820906010067300000000000000653009000042508000
457,100428000000093827300000000209034000000075902070000400980000040043000000000200538
458,360908520508000000000007000200004000080200093000015040000430750632051400000000300
459,030000090009307804010004200028930000000076000400000003000600040000000300040210508
460,280004500904080007000207890023008000400670000076010008010000700600001000000869300
461,070300086309000000160000020000508070400603000690004000004000700030000008000800092
462,007900000010005000008020050000000570000501302000003040981650000004009080765080090
463,000060000174000800000010240013900004800000360400300000020471009001000023050023008
464,400800060100000800006934000000005400390006050067000901080020040002040500740010000
465,500000672008106940000007003100405006890600004400003050001004000300000080007000200
466,700000002000200047060840000020409006000375000050010083008060700001000030600030400
467,320060000400900007701800020100400500090007000067290000003000040070609050005000008
468,003020007280040000500006090000090075000070800467000000000563740001700060050000008
469,010005020800100007400860190040000006250076000000080040000900060000703089700000004
470,000074030800096000000800104200000000009000502060310040980000605400000009003950000
471,030008000000123007000050000003004000489000000005000980310045708500010060760009501
472,800050300000000004060000105103489076009006200000030000000000001040008600007012080
473,700400000640105000200000800000090670006000043007230000080000001360019400000640090
474,300700200200904006100000000008000600000000800005140300000450003030001009764080001
475,000803090000005237230000000000000070090270304067001000002590000000000100709600400
476,000108490000000000004007002300002005800070140070000208981600050600005000700040006
477,000610004600800000321400800002000000050070040460005081080020700000040509500700000
478,000040070070030206400007900003400500800006003007000480960028000000000010000001398
479,000001056004000000730200000020300000800000000007100084001000700000008500470000920
480,250409000600002005009000000100083070300006000007200080800050002500028419002001600
481,700089040000030100036007800000500004094601035000004081080000000020000010605000008
482,000570000370004820400026000000000000040200310907041000019000703000718500700000600
483,600040000900006300000100000020080675400000003000300080290500701301700000005020400
484,000105840408206900029000106030409070090600000000051089000004760200700400304000000
485,020043019000900060000007205200000006009070000560100900802400753400000020000250000
486,004760003607000145300905000000800006000506300056009000081000600000608051400300700
487,006092408900000050580000106000908003000000004065004010028630000000000300709400001
488,080610000420300000000025006000850360090000000007200000908400003000708410074000000
489,300005000008207100006090000203089060500000402640510009021000700000700300700600980
490,000000900049030207200000000000080500000570012050010049001090053034700000760001400
491,603009000502100000090007040014000036809500200000300009000602000360071400400000610
492,000000010900020040008900236039080600200000093000000000001002300640095001702401008
493,061000008000100300000030024003080007008670000607200849010069005900000400040000000
494,750000601000100000004000092120090070095600000060200080009503700070804005546000010
495,071003004390080507040200000003008000980070200000012000200605730000700000000029450
496,025000001080105900000040030000050672009678000000000090091030000003701000700064300
497,030000040000100800009300120200009000800001030000205080000703050008000600746002000
498,005002000384000050000800100003009007400605302600013000021000670009060000000500080
499,060200903000094000090800100002009600458000000000300000800940050030000000700002018
500,032800000905120034000000005020480090800600200570000100001003070009060500050200000
501,046010305000900000800007040100890070005070100000004000000030700500000081002000000
502,100300602000005007000040000003000506009002000006000084090004730600008100720001000
503,020040000103089000000000005208004070049005000067000040900706050000900020000000710
504,015000030039106400000000190000000500394008000060000000080600040001750300003080000
505,098010400420000006000300000210450000000009000007000080002030501300970000050000000
506,806000002000093000000000000200409070000600004070305080008060701500010300741000600
507,030010050000004007008060093000005006480000005600000280001403700504002000003091500
508,003004500000200000576003000100900000800060203000002809015000000308001600009020300
509,004008300910037000007000920000300600090670000000092000080560000001000008700809460
510,000089000000000050090000810004098307000003005057600280008065700001700000009030500
511,147006000000020007600000803008039000059000040406200000080060000000700090000003001
512,007000060416000907090000024108304076004000080670080000800950000000700090750002000
513,090000000001000046003040010000060005300500000050004189010002700040010620700050090
514,407000600000206000009050004000400500900070023670000940008000010000001002050800360
515,006040080000006007080000130210089000300071904000400010000004061031000000700000098
516,090000004060030890002890050003005406000207000005000000080020001300008540000010000
517,000000650060000040003240000004008070390100000500020090020070000900600701000081900
518,000005200090000007400000090002490070009006100006000040000043002000051600005000080
519,000054003000003906030900014210000060903000000060102000020000700095700020000009508
520,400039027000800900200007040300000070580070203004000000000000000000000051041062008
521,100000070005040000400025100000900500000006001560000000020008700600750002050010640
522,507000040008290000000000103209000006040601000070900000000003600050460700700500008
523,000000020000300107008067000010000500000170009400503000900000000003000608760059410
524,060310980000080300900006020100005000000000800400000090030540700602000031700000000
525,005017020030000000060200190200408069080000030000000000001064070600709500050003000
526,005070004080006000700000020100090006900507800060080040030914700000000030600002000
527,070060003000204150004057000205083000309076004000000000028000701000000060700841002
528,000042000087006000000800004003000570000060000005010809019500300000000702750000000
529,050000000000200060006000905100980000094006003000003804280000049000000650000450320
530,060807000020000000300096200000400506890000304070050080200064009000000002700000050
531,000074060040000800009006007020049500000000001570200000980060003400010000000023010
532,200081500000034067007906800008090000400007000076102000000000050000000048000020300
533,004300600500006004036020057200080500000000002467000903890000040003700000002000000
534,000600250600100090702005000003009004004006010500040980030402500000000000071500020
535,570049300000100807001030050120005009800070005000000080030000702004060000060002400
536,000001008004000560000200193100350000009070020600002031001034700450000600060000000
537,007340510000080007005067800120000070004500000500010940890000000600750020003000000
538,060020070000084050400000000003000600800170005000040900005030004009702000006008020
539,013000040050004000400206000020089670000000000500402080085000001000700300070001009
540,090070005058004960000000002213000000000000000560000409000000700300045600400308000
541,006470003300002050802000000020009670980600000400000005000935001000000030000060029
542,000000907048007056000000020000008070030000002500910003982403000350060008070801000
543,100090850052010060090200004000004076000600010500030409004000000300008000670020000
544,400500020000090400060300000020068500004075000500000184900000000001000008700284090
545,600500081005800000900047000120900600090000000000460000208650700041700060000002008
546,008104702100007005400000000000000060090000003007002000301009070600700350000820600
547,000095700700000190000367045120080007900006000070000000000500600008000000040700908
548,000600530000000000700900800023000005090207063000001900008003020006400008051000090
549,000040010080000900000100800020009600090710003604052000800060702032000000040820000
550,000069010009004007000010030310020000905007000060350000000000053040000709050603001
551,009000000200407000007056000000000073004001000000800000080030750630000409702190060
552,160700020280090046040800100310004005000060200070200000800350060000000080050000400
553,600124070000090006790006003100400500006200080007000000840000700300502000002010004
554,000090200000020047000507010100080070809000030600100409000056004004000600750008000
555,000000083710000006040007090003080060006500020000300000080650070001204000004700000
556,060000000007009040130260005010000074000100900406900100892600051000700400000000608
557,040903500000005004100400092010209050002506300067030000900002060000000210005000000
558,000000780080150020290006000008004060000600002005000004001500670450008000060000000
559,960000000800000307000067004042003005009000002005001090010400006000050000700600400
560,008000720009010000010050800100009000004600002600000000900040070340700600000501008
561,002009038000020450047030102010000000904560000006000800090400001000008900000001300
562,006702050010000006580106930000008000000260300070003082030500064409000000700800000
563,603005000840000106010040030102400009000060005070009001000000070304000000069000042
564,009300000180400020600000000010000009800600043360000580920010005000805700000040010
565,502300000009100500010050020000040600080670000000000080000004006300005090060209418
566,600009002200300197000800000000000675080000000900000010890002000020000468030040009
567,004587090000000040670000205010000000000670310000310008090000000000900080700065001
568,007000200000140090090007130103000074000070062500030000000060700300000020000350008
569,930000000040000000000856000003005700004000305060310002080001470000008600020040003
570,685020000000100000000006024000408060009600010500000000901000005200800700700030090
571,050200700000006900460900003012000000004070030900305004890003000003010007000000000
572,070064020060800000410000090000005073000008001000120000900000700500001400046000008
573,039000000000190800040007000308009400000670005005400900080040603000080240700000001
574,900074010200006005030005040008090000450800000072403000091040000004730690700000000
575,400000000000020805008007000000904060090570230000200000015048070006700009000650008
576,000017000084205006500000000103958004000000302400003005948000000200700090001000600
577,010084906000107030500000004028040500000600080000002300900060000405000001060003000
578,208639000060000900005000020000080000000076010647300009004000763030008050002000100
579,900380100002000340010046005103000060004070003000000900208000710000000000060004020
580,090007001000200935020100000200040000035001000007900180000000020340700000050024300
581,004007610001006900000035800030000570005270040006000000200600000040780001060000008
582,060005010500004000200006007000080064305000000007000080000703000002000079000040821
583,062000000010200030000800047100400600890070000050900180080000700200100400000080090
584,123008500000050020500206000210003006000500209700090100080300000300004000005620300
585,000903006809000000000007004200000675300000080007010003050000000080060509670020030
586,900005030306800020040200807103080000004500200600000900200043700000000080000000001
587,000702600000146092040000000020380506800000010070000030008000000000900301030001000
588,083700600200000007710340800028000006300000000000060910000001000040003020600009050
589,000010960700090004001067005100005000000270300067000080300001700000020090002400000
590,000708021060002000001000930000000070084000200500000080018905000309080700050004100
591,010007000006000820040020000123000070000006003560000900095608001470950000030000008
592,000003004000819056000000000008290030003070080506000100800040000650700090700001000
593,095106000000000350002000006023080000000670000060002904000000069000068001000920508
594,000200080008100300007006000003000070890060000500300000902600050040708600001050200
595,000098000820006007003000010000040000000070100407010009580700600600080030730504008
596,020000051000090000050026093100309000085000004000000000200000700000068410700012008
597,060000070004000000080006005030008040000010000006003089200904008570000600000072090
598,000000000000109056041000000130000500800000060007403100210700048006002700000960300
599,002000000000004060001036205000009000030070000500200003008000004200960700050000089
600,010002036004007000702000804120080500000000200000000183000049000500700002007103450
601,050000009000020000003940057100490670000001020790000000008500000300002000009860300
602,009008070300090200004056000000000400006000002000400180091030004630000700002805091
603,000001000000802100009306027000045600200100008070003000901000003040700090053000400
604,720300006039000107000850000010090000000000201500080390900004062070000500000020000
605,000956000908000050007000000200305000006071000000260001801500002502790004040000009
606,320100500000200000016007000100400000200001034007050200000060050043090708700000300
607,008000020050000000079206005000480009000100073907050400000004700005090010043500008
608,070005000300000950540807000020400000000001030060000080000030045600000798750060002
609,060000095040000800030006120000807060004001000005004080300079002000050010009000000
610,000700060900200003500000900002900006408007000070000100080003600300009040004510090
611,600250400010480000050030800009000067800000000000100300001720040002000090040009001
612,000000400400800060095200010032004005800560000000030000080001000207008300053070108
613,050600980000280045983000200010400070400000020070002800000030600049000000700006010
614,400300000007000006080150000000900600805000012000040009200590700009000008700000391
615,000230040010000350056000090020004600800600900007901080900000000000760000600400020
616,200000100000000940400100800103008000080000250076903000010709560000000008090802004
617,000060090009003000003000120000200605800070010507000000000700208008041000005009000
618,000000051050934000000007800100000006000000032000002080000500740035709600090001005
619,007000005009025460400000010100204500200000030674000008001060000000003080000509000
620,906000000403800006000407000008390670000000800500002000001005049009000501050000360
621,706000350000040000020307000008000075000000201500812004891000700000000500000009020
622,000020000040100006090800020020038005006070000000900001001000702300009000500003400
623,780000000009240000004007903000000076000006204006052080030500060200090308000000002
624,090063500040800007206100800000000005000000002007310000001034000900008020030020009
625,900100050080206000700800000018040070000070200060010080000065092070900001000020500
626,002000000000000946500900023020000000830000005407050800948006002200409060000008000
627,807210900001000207290040005000080006400072003000003080000000000504000700068500000
628,006009210000004000083006000024090670800500120050000009010000000300020000000073090
629,080400030000100000607020000000000670068000900900000040010600703530008000000090280
630,035000007001080000800300100100700090004500070060900081000009600002000010000602300
631,600040005400007820078000904100080000300070100060004300040590000006000058035000000
632,071000000680004007000060010120300004300000000060405200010050000430000081700000069
633,000000080008103240002000900000900075000007003000200800080000400345600000700009030
634,007030020030096040000200003300400500902008000670000900021500700000060030060000001
635,700040000009250007030800000002000000983000010050100030090060700000009002408030900
636,250070410030009006000240000100400070080500003006000090308900000000001500000006000
637,900000001050000900760030005000308500005000000070410080018500060000800000049700000
638,700006000041000007603007000032400675004000013000002040000030000306500900009860000
639,000000010490000507300906000120800000000675002000030000008002756000000000006500208
640,600780300500004000000900000002005674090000003000010080000001760040000030000320000
641,005103028601009007000000003002308000000070010560000000000000060070050000050726300
642,700000106014000820000190005105900070030000500000200080200600000070000000001080039
643,000790016200000050080050004024300605000000000070402000010005000930070008000000590
644,030010090000800006002000345010400000004000260507090000000650010006100050400009000
645,000100090003005067200040005008030506000506102000080900000000000300000650706004008
646,530000600074006100010040007120060009005002040460000000008510000000000200050203001
647,000050308500089000007030000108000000200000034070400090000000060302700000700090001
648,000300007020090000087040106130020000906070003000000000090000360000801700050000080
649,150000000008192000400006097203000000090500003000001900006020470040000000700009500
650,000004800046800090000000000003000075900270001600300900018600740400008600000002010
651,000000800049206000500000002002008009005900030607020000800569070900000008030004000
652,020016050905000300060057800030005000040000100570003900000000006002700000700069080
653,000000800603000240007005000210030000040670000000400089000000060050000301000321000
654,000007001004000000097810000200000076480000000070130080000300050600000008001040092
655,010000000736020000400000160000008705003000400000004980804000000070600040050470020
656,593001070070300900420000003102400060080600100007030080009000000000000692700800000
657,003007040080030000400090100000900006508240000604350000001460035030000000006000008
658,000806000007100006050000090002080070048000900009005084800034000030700012705000008
659,076000040843000100000007005000000703000001020060520900008903600000000508002010000
660,000048060007000025805200004000000006000075200000010000910060050600920007030000010
661,082700000400000900007000000023800604000060050070001200000009008000500003000030410
662,070004600008090007002100093003480000090070002600000900089040000000000708000500010
663,000590204000040030000006810210000560480600003070000000300700001500000008000850090
664,040730000502800060000000000003400500900000010600020809000001000050070000700390002
665,002000360001050007800007020020089000400000000067020004090070001000002000600500430
666,600000800002005060400000000120008006090071200007306000080000790000009620000800351
667,700040610090806000400000000003000006800075000007002904980030000000001050000720000
668,060050000000200106203400090000305008080076000007090003090030060006719000040000000
669,096080300200104000800006005008000750000805013060040020000003570003000000000610000
670,004000009300189000600240100100300000005000900470010000080400720000703001760001000
671,000021300200080050007900000100460570093007061000000900080070040000000000700600020
672,006805009002006000480000000014000670000670000000000200009004000600700500030019008
673,960000000000007030000400090000900070489605010506200000300040009000729340000060008
674,300001000780000005000000890000089506890000010007130000000204750003000060040700001
675,003000104860005037000000800020009070080006000000512000900020000500063001700900080
676,009000000306805100800000900000400075095000003000000802000560730040703000700000200
677,200000800000040007630090000000030000000100208007002009001000600502000081700500092
678,020000007000007000130400002008000000094005020500010030000500760040030000003269400
679,200054800050180000401067000000000306090001050000020000002005004000010000000900518
680,700000600305094800098060000020080470006070005400000000900003000040010000003000508
681,200000700030200050500806120000008407009600200600004080900540000004082500002100000
682,000100960105090300400000010008000506002070030000010000000700000043000008060800051
683,008500060090010200000900030120004006000000000507020000082000500004700000700230019
684,003502900000000050007100003000900075308070004070000000000040009039008000001600080
685,000780000052004067090100000200000750800007130060300002000000000025000019600003500
686,360700090070000806900100050000304000000000920600910000001625034030000000700000000
687,260150090048006000050300000000000005003600014900010200000530060025000000000060001
688,600002000010000206000050000009030057000900000007201039800023000502009380003600000
689,000000070701290000000007005104300000805000200060900581400000002000012400600840310
690,009070000300005000570100020000009576800007001400050209001040705200010008000000002
691,082003000000200003500000100200080075005107000006050980028400000009030710700000000
692,700000901000090207000100805000300070095406003000002000002030000407005000608000090
693,000058000004100306050030012200000000085000020006010000020509070040060008000300004
694,000001000000000050000305810002400670080007103700020080010600009007000040405000000
695,003005000000200000908030057000400506000067000000310480280600005305000600046000090
696,005000300400060002000093000142000000900000001000000900208450006000600510650730209
697,000000705021005006600000800002004060840070000500100000000302070204060390070010000
698,008030700160090005000000140000000007004170000000240080300060000000004000705080002
699,100000080000000007000806000012003600503007019090010830005001040000070058706000091
700,030840002092000000000067100003000000980000004000950000000000000070008409600013508
701,003000000900002340040000010000090603309701200070000000008003400400009781000005002
702,005000014018006020000107006100900000000075000070000009900500003040068500000309700
703,047009080009040060200060100018002000024000003070300042800654000050008020000000000
704,970000030008003560100007000002000000080075200000030400000300000600019000704000006
705,000370501000456093006000000000080736000600054060000000080740000305008009070001008
706,300005000080000147000067000120000000800030500000142803000208060030000700004050008
707,000040108000389007000000020000000006003001054070000800000706003010000700054002080
708,032080700800060000650000810003805007400000003006040009200009304360000500090000000
709,800004000020000000059067010000009500004000002007010000001025046000000390030900200
710,010375000006089000070006100000000400090600302607400090000050700300000500060002000
711,400206500503809006000000000124000600000500012050004080800432000036000820000000300
712,007029018003800000060007005010090006004070000005000403000403702400000100050010000
713,020100000000205907040096000100000000800070034057000010080650040070004008004008001
714,500070004030006105400000030002900500900500002000100000200638009000000601006409300
715,000000001041007006500004000003005000089000100000300920200009700090060000750400080
716,050780004900000007600005090210000000005000010007000300002070001500800700006590230
717,000000040000105036084007102015000000090000200000200083800030700006008000000612000
718,000006080000940160000027900008409700005000020067003010030000600002701090700600001
719,103020000000006800000000190000000670089500010500200080000650709000070320720030008
720,008005200100209340900000806000400075000006000000012004001700000035000010704000008
721,500001000000480306800000090004000670900003000000020000000005000630000008050042031
722,006031800091000050007056100020800075450600000000000002002500700000008000700020300
723,005480029020003050000000307040329605000000080500000030001500004000060000700908010
724,400002098000000100018056200100000076090000041060040020000370000005090000000001900
725,106400000002100830009000047000509604000610050000024001300000000000000095740060310
726,000300078006200000080006000020408000000005010600000809000004000501700002000030450
727,000000690007130800000000100003489570040060030000050000020040760000008002000690400
728,800062007000000000005000810123400005000006000007000480008050090600000000000291300
729,306080000005000000000106090408090075000070034000400900800040000530001000709000008
730,000009000560804003000200017010000600400060005000003000020001090000702000031098000
731,206700009000003156000000000100004000050060800600050013090000002500630700000080340
732,600100008700005006105067000000000000009270305060003204000000070050020480000900002
733,000004000000100000021900056000895060004300100060000089908503040000000090700020600
734,100008000703000000040500003000300005980001200000000901091050760508700040007040000
735,310005006000020000687000000000007009040002000500310080008600702050700600000000018
736,370460000000109060008300000020008070009070250000030009005000002930000640000020000
737,000470005000000300700000890003004500094500000007200980200001060060080001001009000
738,008007030020000906000196800000800070035004000006250300900002704500000090000040200
739,000700050001090060700024003020006000090007100070000980080002000000018300600500040
740,270000000400200000950067000004893570000100040600400803000000005000000290700051400
741,000030000006800000030200005210049000009006070500010084000001650400000000000958020
742,000000000004090360500130000203080070000070032970004001001006003040000210700000009
743,050090130003080040709005000004000009000901260070050000801003700000008003000500008
744,508006040006180035000340000000000000059007006000020001902000000000900508070030400
745,079204000000006047000090030018009000900075802007800300090061050001000000000000400
746,007080000030094000100500020009025406000076000600000209090000700004008000700030048
747,005008000600100000732450000000800500000007104067000000000004705020500090004002300
748,000610405018200060000900800040000500093000024560020300001000000070000090300009040
749,000291805180000007090040003000000000049000200006103080000700004058004700700500000
750,040107000076000005005300010000000006390005008500002900000021700000700000032008450
751,005000000300100040864900007008450000030670201006003400000030760000004308000000002
752,804030000000407090000800106002004605080100000000305080200500060006009400500000000
753,006280003000000060007006004100009070000000000000301200901504700002000090060800410
754,900300600000090047008400000000000000804601005057020084301000500000000008065800000
755,400032500000100037080000004020000000000576000007010003012000006030708010740600000
756,000030000980040200000900800023080000040070000006010940000000400070020005005001300
757,071023900000800000020900045000200400000070000607050000018000020400000000706040580
758,000000000002080005501946000024000070080507010006200000000000008307001402098000001
759,700005000010000007002007890003400600090300200567910000000000700439020000000030000
760,200840060060100000800060123008300000090008000506000900000036700000000004700005680
761,000090004003000057200000800020000000004605080075010000800009205000040001000003060
762,020500003000000040093000806000000060000600100050081004082030000400000008700410200
763,800006075000057004000000900023089000080000000500000409000000000400900601650703200
764,000000080610000007309040100020000075000007002907300000090502000504009008000008001
765,002005000060000400090300012003040079000006005000900280001009003040001500700000000
766,060200000500009307000000920003000000080670200675000809010730000000000040090802030
767,100020096034000000200407000008009070000000100067013000900000700000001040000060001
768,090000208060000000070206100310900070000600000040020009800090005034000001700048030
769,002000050015800007700000009100006000980450000050023000000500640009010030600000008
770,008000006009030000200907000300086000005000003090000400020600704000704020700500030
771,900005086000900157503000000008090400300470060000002003001620700002000000040500002
772,001000004908007050007006000003090000000000100500200948000400005602000081010008020
773,000008000009100046200000810008005000000000082650000000800053760300009000000062059
774,040000000000002000391067000000080007005170090906000000000500602630090400004000380
775,500037000009010000004900830300500046080069000000200500000000750900000310701000020
776,000000928034005000010900300000008070000106200076000803000040000500001600002000030
777,004001000800005106000000047208400070000060000000102004080200000600730000750000200
778,900030057000005000201000830120800070800000400300000280400009002060700000000401000
779,100240500000000020500900000010009000050000230000000048800003060609500700000000001
780,006010050910005060050040002020000000394000200000020809000031000000700004700800903
781,000000203800006000070205000010408500400007100000302009090600005051000300020800000
782,701060800006003007300040000032000070900005231507000080000050009009708000073002000
783,000000803000090240050804007400083670009200300000450000020307000000000000700509020
784,380002904290000015000000200120400000000506000000080009809000000000710003000050420
785,000080100000003800100000904003009500000670010500000080008000700340900002000024000
786,007003000010090000640010200000009070904500000076000003800005020060008751000001300
787,000502070400000006700100890023080000000600100060000000008060045340700020000029000
788,640000007008045000300000800003480009000000260060900001080300040000700090005008000
789,090000003620000940000800006000004060000570004507000301900613050060000000000029000
790,490005700206000000070020036009000400034100050000200010000030604000008000060400320
791,000000006006080200309007010108290405002000060500003000000050700001008000004930020
792,000003617000000005040900020102894000000005000060230000008009700405010008600508001
793,000040090100090840600007000000025600004600000570000080802003701050000000003082000
794,347000000180005000009040800003080006490100000800003100000030740000000009700002301
795,700500460000000050000300000020008900090006030000010005089000001010049000600700000
796,700046000000009050002107040000500000804000000570000091200004600000800012600010008
797,214000300900100000300007800008650000000000002600024000000000005530070001060000084
798,000350090600000807958000000020000500004600010000001308001243000000000009700000001
799,106302000000000306030067010000008690000000053007900284008000000375020000000039020
800,170904080900010060080050002004000000300046010000000809820000700005008000000001050
801,740050800000030000059107000210080670005200000300000200000560010007300000000700590
802,000001008040090007850240000003084000000100030007300004500600000034009200092000006
803,000020007004000100008906005029308000000000010060009050800465000000800060003002080
804,000230007067000003020900000010006000900400000000082030800040750002000090003000608
805,104060000860007000002005000000083060300400002000050080000000021000700000028009054
806,360001000002007800070050000000000067005000129000005000800060903900700000706032080
807,000360001050000060003007090104980000090270030060000000000040750002000010000009020
808,000000000003014200040020810010000406000006900570000003095400000001008029002600000
809,940000080600000005820300100000080406080070000076000009010500700000001000000402900
810,030040000240105930008003007000807000094060000070000010300400050000600000005000420
811,000206003509010007000900002000080005890067000000100980010000056206090300003000000
812,000005009019040000000003020102904006000060000007000080900070002060050700045608090
813,000000800083100000960000020200007060005200001000000003030470000602000090000080004
814,080305097020000306090060000002009000040000210500210008910740000000001780008000000
815,000400701030006000050000890008240000020070100600081000800030002500008000000010009
816,006000000005103000001006800003050079008000003900300405800004002000070000700000310
817,600000400820000060430007800000080000900000052500002380010503700050040000000601000
818,000005240000100030760004800010090500008200470906050000800000000509008001000010000
819,000200000401806000000090804000080070000500012007002900004050000070000560603000089
820,000000000320000500700020830030080470049000005060001900000470000000000049006500200
821,080320060000000057300060000000004506890070000507000084000200700035090000000000001
822,609000005304000000000040002000209004000000350500400908000021700001000080050070003
823,030000000010000347806900005008000070000060200000102893400500060600410030003008000
824,070080000000000057420000010030094000000075003600200084200000000090010500008000361
825,900001680000020105030000007000009000890500000600004000089070000300000050405600230
826,000010700000007093005000004030009000400000000500023008280300005000700480070090002
827,520600000000000400006095100000000000890000000005341900004500060300069040700000008
828,500003060090010000700900010009284006005600000000000104000040700001008420070009000
829,000090102040100056900400000020000000000075003600000080000009064004008301700002000
830,006704100051000040000000007123000000004060000000001092000400009405018000070009080
831,000039100020000006300000004009080067000071000400005080091004000000500000052000000
832,060007030700009006500000120010000000005000200070000903090704500302805000000020008
833,726005000000000907930800000000900763000001000007000809000460008350000600070002000
834,004070000000100035003006000200400600900000800470080050001029700000740000000603090
835,709600205020090300000230004000009070000500000650010080210000600000060008400020000
836,800900013005000240000207005130009000000870000670050009080000000500008001700610000
837,000300000300005000080100300120400570000070006050000204210000750009030800006000401
838,860000000010003040000460015120030000300070080005800004000350001000090050006000230
839,010002305000006090000034007000009050084000200007010000090000000500700082001020000
840,500010000200000000000000834100009500050070040000320001000060750005700068702040000
841,000000000000240805900800000100000567004006100070000004000400700402050010010009600
842,600000800000103046000040050100094000000300080457600003080500700000007000700410020
843,040000000001900050093067000000000007039710200060000980000042003006103400000090010
844,065080000000092060000050004002048900004600200500003040080700050010000009600009002
845,300900002000104800800050040100092000005060003060005900980020700040080630000009000
846,900000016006000005200140000000080670005070000400200300000502003003700000672000009
847,560030002000000000007040800000000506080000023000010009218003050300001700006800000
848,057021000300500000002000140000809000894000300070000000200395700400078009000000030
849,408005100000004067506200000030000000800506000000003940200000700000750009000690380
850,035006407020390000006805000000000000040060010500100300900050000000000260000004008
851,300000070000090106001000004120000007080500003009700080000000052604800300700010000
852,000400670400800000000030000010390000000070102070008043091000700300000098006500300
853,010000000004800900000057000003085040080000390007004105000002000000760400030001500
854,000698000000100200000057010103000006049000000000000084200700305300000020006000700
855,300100900260000400050200803003009076400070000000010000009620045002000000700940030
856,000100300000000040005000002039008670006570900000030200090004000560709018702000009
857,000040850400030967000007000023000000000501000670000100018004020000009000000020689
858,060000200004103500000000030000402070209005000070000400001000050000710000003560800
859,004000800602013000000056100100000070000000004060005301980001000000730000500009030
860,000009000700005030000800007002087000080560070060400100019030000050000600600008390
861,004002900000309406300007000003500074009001020007000080000010003500000060000040201
862,900830500402000060000000090023000605800070000076010000008000000001750000000600410
863,000002059901000800000000104000080570800705203000010000080000700600500090700009000
864,000086000400100200070000090003050900800000000050923000000002070200060408700004500
865,020030000001000200000045000100904070800000100070000084000009001450008302009300500
866,800000000010200007005960000000800604000070035500002100000603000041000500050000028
867,860030000070000000000900014003400500085006000000201000010590070000000000030600401
868,000705000000094000980000100130050600000000240050002080200070004000020000600000510
869,040100000900000056030940010100090600090070005400205000080000003000700000765008001
870,274050000005090000600047000109300070030000150007002080000508060000000401060000008
871,300008070000036000090000010100500040040071002506000000908000060050060790000040200
872,000200008301005040000067000003080560400000100057300890018050000000000002030000400
873,000000600040000800060050030300080500480600010007012040000004700020000301000900000
874,000985000008000023900006000210600000000400006000090150000000402502010600740020000
875,000560300000300090070000850100000400009472000007005080802600000005040201000009030
876,070000500200000000500940036000490070308002000060000080010009000400680700030000058
877,000029005010006900005107006000200000203000000007000081802003700070008000654700010
878,304090072072800000910200030000000067005306000000000000208009001600000403009001008
879,000603500360000000000000000000080000405200910000050020010009702530700001007402000
880,010004500090002300000300809000080070034007020506100000900000000000601000002000050
881,002500000096004050300007800000000000050070013000040205820650700509010400000000020
882,000006370007100005140000000010048000004670000605002403000000730006021900000800000
883,030100070900000006410050090003008000800000260040020901090700000300000009001060040
884,200300600000000000809000023010905400400806010005003000000652004000000208703000000
885,000000000000930060000007134200090070049070000560012000000000600026500708005809020
886,502000074007080200010050090100000050090003002400005000008060000600070940049000608
887,650007030007030000000006900018005604300008000000010000000549760060023090040060000
888,030046050400092030006300100100480000080005200500010489300000000000028000040000068
889,000000000000824057005007046000050060034000210007040900901003000600080000040000090
890,000000630005380027000900000000000070086501000540000089000004001030050008050019300
891,000010300000000050003960804008300470000006002004020000080000040405009600060203500
892,000580907740000006810000000023000400004070000070201009090008703000730020030002000
893,200070003300009400000005100020000005480000230000003090800000009900800600650010000
894,005006000000100007100250090004380600900000003057000000020001709500000002000004010
895,100090002000080000208007100310050009089200300600000005000060700004000000006039400
896,000900008000000037900807120020009070000670003000102000001000050060720490040060000
897,000009000703082000002400000004500307800670000000030009000700602265000708000800040
898,000800000800007050570130092120000000004005210000003000000002769000700000005091000
899,092000000700000820000040007000089000900507000060302080200030060050004010470050300
900,030000008000209000807130000000500086000007002050012403010000004069700000005020000
901,002000038407080000000007200100400500000070000600300004918005400000040009000000020
902,205000060000030040008400090100340000480000000007900300090500030000701008050800200
903,850000006063800045002000000010003000000604090007010080900000030030009020700100008
904,000000008006000040009800060108300500300076000057001000000000004400010030000950080
905,026001000000030000350000020000000500800570030600000940010340070000098002009000080
906,000060213000000000450230000000000975000500000070024108083050000210000530507000002
907,000905806501000900206010300023000600400079002070000000000000004000760000000201090
908,000048500048030027930000000010009000000075030050002000081500000009001008000000240
909,000050079000003100910000835004000500000170000007000080038045016070030400000000008
910,000002000001000025240006807000900750800000001300015009000008600430070000600009008
911,010000050000090800500346007028000070000000000070281000890003004400000000002950008
912,070030002040800500605000090000000000004570030560100000080300006030002108701000000
913,480000000000090400000100003200000005060000192000600080800034750500700040700021000
914,800000014005009060000200005000000000003675040006000380010004000060920058750806000
915,100960000000037005000000106000300004904000000070820010091600000040000050607002009
916,000000007000090340605047010000080076090070002400025000200003060004000008070008030
917,340008020900006000052040000000000070005001000070020109019500008000700300000000501
918,000020080300040100080000005123000070040006023007003800210004008008509000000700490
919,830140000060005030000030027000000970005001400000000000000600000520080049007000008
920,002609000807000000600035020000080000905200060000300080001060700000090400029400008
921,600000035001500006004000800000800407006070000070362000910003000007090620002000000
922,950000204000000000046000007200308000089000000000010403000003060000070500720601030
923,970000301160020000000007000004003670000005000800060200001348000000009000000600538
924,000078004000100360060005810102000000800007002400010003000000400003050700657040000
925,006000030290030000300907000100009605080605010000000000008350040060040001000002060
926,070005100560090300002100000000000006004006200000003084018030050006058000000900030
927,000000705095007046000450000204000060800071000000034010008000000350800901400000000
928,005079000200000160000040030000307590500901070000000000820000700006020300704008000
929,040020081690000050000040000003000600000500000000030894001000002005700000020060009
930,109007050304090020075000004018009000000508013000600000900700000003004080000061000
931,970005400008004000500000106024380005805200000060401000000000060000700002013000500
932,008000090030000050592000000020089000000070120607203008080600300000038015005702000
933,070040800002095000500800104010000570900070003000000008090060025400000030060300009
934,000500004900080007010007805003058900004000100600900400000605000009020000030000021
935,100630050002090000000004003010000540900206000006050000308000700050000900709500002
936,000060090002000800003804027120000070005070063000002000009600054030708000000000000
937,000805900800206007000040012000000005980000206607000180098500000000000020000624300
938,380060000007000900000005060203400000508000010000010200800000003009020400004030602
939,203004090000092007140050000000080600000006102650010900020040000060700058000020000
940,105000320030006000004007805010000070000970000000302000000003000500040290740010500
941,000004903000010400000007020108000500000000070007063000900300052042000600000500090
942,040000090010040360003006000100300000096052000305409000001030005000080009000004280
943,058001002039200500000000019003460008804000056070000000000002040040000790705003000
944,000780002001000050200106000000800070090007004040350000010009000004030020006500090
945,000001080020000407004800100000980000000705000056000030200009760009600502408000000
946,000700000650100090040006107109307000004065002006200900090030070000600020002000008
947,000403080600900030300000205000000400400000002076102800802000704015000000000300000
948,400650090007800000900007800109480000000005104070000000092000701000270500003000000
949,008021064401300800007805000130000000800006200006000008200010000000094000003000610
950,002560970000007800006004200100000060080600304007020000210000050004050008000800400
951,300096070080100905700800000000000500045601003000000481200000000009004000670900000
952,005067000000082007000000030210000605000506100000000000008051000030700410000008090
953,000003000310800040950007000100000605000070002067000300090000050002008400700090008
954,050000000000005400000806190120000000409200310000093204200040070000000008060300020
955,924000703000800000000040000130200000206100300007000800000030609500008070001050200
956,000080003520106000006030100000004076900000004600502008000060702004001080062000000
957,000500380040097000200036100400000600080000940007250000001060030004000000050009000
958,700000820300005007005807004109000000000000300060013008080000700270008090000090081
959,900800600012000047000000005000903000809670014000100080000030060060702000400009000
960,800070100000000025006020800100005070200000001060001000000600003040700500752009000
961,000000008000000190307000006020489007005670020600002000200060050400008000061020000
962,000000006000230047050407800000090070000100039607002004018000000030008000000609000
963,000300008301004007076810000000080670004600002050002800200000450009000020000000003
964,000080009108004560530160020010000900090200030750903008000040000300000000071000600
965,030000020000005007600000104002000005090006000007000083005230000000609058010700400
966,401000006060082300700300000000000079800000500500910804010500000040070000000009030
967,500810006006000830480007090010000000000070050000000913000602070040000609005400000
968,000000902057000000000340060000008570090060003000103400201000000035002090700000300
969,000000001000240036020160800200080007380070092500000000800420053000000000000639410
970,060090800000100950090040000000000060000207010070300080001500070009001000005080300
971,800600000009104030000095060004003070085000041070001000010000000502040000600000098
972,080000000901300400000040002030008500000570003040200090200000060000010000760009020
973,000000073010800000600004000000005000030080120400020080001073562002908000003000008
974,000000501000200090006800000100000065090001370000003004000000000904700018005100429
975,000000190810000306030006025023500070900600000070002000000010000305000908001000500
976,020700009709012046600000800000000070982000003060003002008090500070000001000600000
977,900300000005084000004906007308405602090007100500003080020030004000700090000000020
978,000680103010000050800000006000350000400000000007000089001060072052090000034002600
979,000006450200000800780000000300489000000002010970010000000034001000000000609051020
980,000000607300894005004000090003400506000570200076000000900031008000000700000050000
981,000000000639020000007800106020084007804570000000000900005360400008009620400000000
982,201006000000100020000005000000008009094300001570000003009520700600000400700031090
983,090407800002000007007000190000008000030070000000200001080650900069042010070100002
984,000200573000000002700890000003000000806500004000000901010000000000010028074020300
985,074000200200004160000060005300400000020070000057010980000000000003081000760900408
986,100900003040800067009000000010080604090007130050000080008060700300040500000000000
987,200005340040002807900000000029800000400060000507000080000070600030450000000619000
988,004003000100000406600007003010009070040200060007080002900000040000000020050934080
989,000000005410350090000000000000040060904670000007020140200400070500062009700009501
990,003850004008104200000300000014003600000006049600000000802540001006000520700000090
991,008002070000000900605904800000000060000401005000000103090600001040028030760100000
992,000400900900003007001007800100090000009600030007002000008520060050700090000060502
993,000860302540020000000900000020400070800000010607001900008005009000000530700008000
994,000006421600000057050230090218009000000070000400805000000000700370910002500000900
995,609000000700004050005360000100900600804000000000240090908020503000000001001058040
996,620000300000090810010007005000080000805070400460005100000002004000030000570018000
997,000620000023080900600000005004290060080000300050040080210009000305712000000060000
998,000500000000189000600004850020000005805001340067020900000042000200006010070000400
999,243000005000000000708040002010008900000167000007900400020009000000000708600030510
1000,007000008800046100230000056003000000000005010070000000009520700600700900042900003
