puzzle_id,source,source_difficulty,clue_count,solver,solver_version,solved,solution_valid,recursive_calls,candidate_checks,constraint_rejections,committed_assignments,backtracked_assignments,backtrack_events,search_nodes,max_depth,solution_depth
SE0001,sudoku_exchange,easy,28,BT_NAIVE,1.0,1,1,643,5549,4907,642,589,415,643,53,53
SE0002,sudoku_exchange,easy,31,BT_NAIVE,1.0,1,1,8958,80423,71466,8957,8907,6300,8958,50,50
SE0003,sudoku_exchange,easy,29,BT_NAIVE,1.0,1,1,9145,82102,72958,9144,9092,6186,9145,52,52
SE0004,sudoku_exchange,easy,32,BT_NAIVE,1.0,1,1,528,4562,4035,527,478,335,528,49,49
SE0005,sudoku_exchange,easy,26,BT_NAIVE,1.0,1,1,6309,56547,50239,6308,6253,4427,6309,55,55
SE0006,sudoku_exchange,easy,31,BT_NAIVE,1.0,1,1,205,1638,1434,204,154,99,205,50,50
SE0007,sudoku_exchange,easy,27,BT_NAIVE,1.0,1,1,2151,19138,16988,2150,2096,1340,2151,54,54
SE0008,sudoku_exchange,easy,32,BT_NAIVE,1.0,1,1,7379,66207,58829,7378,7329,5086,7379,49,49
SE0009,sudoku_exchange,easy,30,BT_NAIVE,1.0,1,1,4707,42166,37460,4706,4655,3193,4707,51,51
SE0010,sudoku_exchange,easy,28,BT_NAIVE,1.0,1,1,752,6557,5806,751,698,458,752,53,53
SE0011,sudoku_exchange,easy,24,BT_NAIVE,1.0,1,1,10143,91046,80904,10142,10085,7404,10143,57,57
SE0012,sudoku_exchange,easy,24,BT_NAIVE,1.0,1,1,515624,4640394,4124771,515623,515566,364321,515624,57,57
SE0013,sudoku_exchange,easy,28,BT_NAIVE,1.0,1,1,921,8078,7158,920,867,570,921,53,53
SE0014,sudoku_exchange,easy,30,BT_NAIVE,1.0,1,1,200,1563,1364,199,148,109,200,51,51
SE0015,sudoku_exchange,easy,30,BT_NAIVE,1.0,1,1,993,8741,7749,992,941,642,993,51,51
SE0016,sudoku_exchange,easy,37,BT_NAIVE,1.0,1,1,333,2828,2496,332,288,210,333,44,44
SE0017,sudoku_exchange,easy,40,BT_NAIVE,1.0,1,1,48,256,209,47,6,3,48,41,41
SE0018,sudoku_exchange,easy,27,BT_NAIVE,1.0,1,1,2984,26650,23667,2983,2929,2140,2984,54,54
SE0019,sudoku_exchange,easy,32,BT_NAIVE,1.0,1,1,579,5012,4434,578,529,358,579,49,49
SE0020,sudoku_exchange,easy,30,BT_NAIVE,1.0,1,1,105,738,634,104,53,34,105,51,51
SE0021,sudoku_exchange,easy,28,BT_NAIVE,1.0,1,1,5475,49045,43571,5474,5421,3917,5475,53,53
SE0022,sudoku_exchange,easy,34,BT_NAIVE,1.0,1,1,335,2820,2486,334,287,187,335,47,47
SE0023,sudoku_exchange,easy,30,BT_NAIVE,1.0,1,1,1136,10018,8883,1135,1084,712,1136,51,51
SE0024,sudoku_exchange,easy,36,BT_NAIVE,1.0,1,1,98,664,567,97,52,31,98,45,45
SE0025,sudoku_exchange,easy,30,BT_NAIVE,1.0,1,1,9329,83740,74412,9328,9277,6534,9329,51,51
SE0026,sudoku_exchange,medium,25,BT_NAIVE,1.0,1,1,3297,29430,26134,3296,3240,2073,3297,56,56
SE0027,sudoku_exchange,medium,28,BT_NAIVE,1.0,1,1,41656,374679,333024,41655,41602,28918,41656,53,53
SE0028,sudoku_exchange,medium,26,BT_NAIVE,1.0,1,1,4855,43472,38618,4854,4799,3308,4855,55,55
SE0029,sudoku_exchange,medium,26,BT_NAIVE,1.0,1,1,1724,15290,13567,1723,1668,1151,1724,55,55
SE0030,sudoku_exchange,medium,26,BT_NAIVE,1.0,1,1,1439,12727,11289,1438,1383,929,1439,55,55
SE0031,sudoku_exchange,medium,32,BT_NAIVE,1.0,1,1,60,329,270,59,10,5,60,49,49
SE0032,sudoku_exchange,medium,28,BT_NAIVE,1.0,1,1,13741,123439,109699,13740,13687,9490,13741,53,53
SE0033,sudoku_exchange,medium,24,BT_NAIVE,1.0,1,1,12324,110680,98357,12323,12266,8406,12324,57,57
SE0034,sudoku_exchange,medium,27,BT_NAIVE,1.0,1,1,60603,545198,484596,60602,60548,45703,60603,54,54
SE0035,sudoku_exchange,medium,27,BT_NAIVE,1.0,1,1,15403,138411,123009,15402,15348,11456,15403,54,54
SE0036,sudoku_exchange,medium,28,BT_NAIVE,1.0,1,1,7717,69240,61524,7716,7663,5119,7717,53,53
SE0037,sudoku_exchange,medium,26,BT_NAIVE,1.0,1,1,20612,185290,164679,20611,20556,13636,20612,55,55
SE0038,sudoku_exchange,medium,29,BT_NAIVE,1.0,1,1,10345,92902,82558,10344,10292,6959,10345,52,52
SE0039,sudoku_exchange,medium,27,BT_NAIVE,1.0,1,1,2656,23697,21042,2655,2601,1746,2656,54,54
SE0040,sudoku_exchange,medium,28,BT_NAIVE,1.0,1,1,7517,67431,59915,7516,7463,5200,7517,53,53
SE0041,sudoku_exchange,medium,32,BT_NAIVE,1.0,1,1,1589,14098,12510,1588,1539,1123,1589,49,49
SE0042,sudoku_exchange,medium,32,BT_NAIVE,1.0,1,1,6600,59191,52592,6599,6550,4122,6600,49,49
SE0043,sudoku_exchange,medium,27,BT_NAIVE,1.0,1,1,25899,232858,206960,25898,25844,17798,25899,54,54
SE0044,sudoku_exchange,medium,32,BT_NAIVE,1.0,1,1,602,5207,4606,601,552,394,602,49,49
SE0045,sudoku_exchange,medium,26,BT_NAIVE,1.0,1,1,23300,209488,186189,23299,23244,16125,23300,55,55
SE0046,sudoku_exchange,medium,28,BT_NAIVE,1.0,1,1,1449,12848,11400,1448,1395,988,1449,53,53
SE0047,sudoku_exchange,medium,27,BT_NAIVE,1.0,1,1,3426,30612,27187,3425,3371,2269,3426,54,54
SE0048,sudoku_exchange,medium,28,BT_NAIVE,1.0,1,1,20666,185767,165102,20665,20612,14161,20666,53,53
SE0049,sudoku_exchange,medium,28,BT_NAIVE,1.0,1,1,14180,127387,113208,14179,14126,9758,14180,53,53
SE0050,sudoku_exchange,medium,26,BT_NAIVE,1.0,1,1,5404,48407,43004,5403,5348,3672,5404,55,55
SE0051,sudoku_exchange,hard,28,BT_NAIVE,1.0,1,1,7921,71080,63160,7920,7867,5785,7921,53,53
SE0052,sudoku_exchange,hard,28,BT_NAIVE,1.0,1,1,5815,52131,46317,5814,5761,4285,5815,53,53
SE0053,sudoku_exchange,hard,31,BT_NAIVE,1.0,1,1,1956,17396,15441,1955,1905,1221,1956,50,50
SE0054,sudoku_exchange,hard,25,BT_NAIVE,1.0,1,1,10573,94931,84359,10572,10516,6563,10573,56,56
SE0055,sudoku_exchange,hard,28,BT_NAIVE,1.0,1,1,2980,26593,23614,2979,2926,2112,2980,53,53
SE0056,sudoku_exchange,hard,28,BT_NAIVE,1.0,1,1,3875,34654,30780,3874,3821,2826,3875,53,53
SE0057,sudoku_exchange,hard,27,BT_NAIVE,1.0,1,1,126637,1139507,1012871,126636,126582,89621,126637,54,54
SE0058,sudoku_exchange,hard,24,BT_NAIVE,1.0,1,1,43280,389290,346011,43279,43222,31899,43280,57,57
SE0059,sudoku_exchange,hard,28,BT_NAIVE,1.0,1,1,342,2846,2505,341,288,192,342,53,53
SE0060,sudoku_exchange,hard,33,BT_NAIVE,1.0,1,1,2334,20813,18480,2333,2285,1696,2334,48,48
SE0061,sudoku_exchange,hard,28,BT_NAIVE,1.0,1,1,14729,132351,117623,14728,14675,9454,14729,53,53
SE0062,sudoku_exchange,hard,30,BT_NAIVE,1.0,1,1,1331,11738,10408,1330,1279,837,1331,51,51
SE0063,sudoku_exchange,hard,28,BT_NAIVE,1.0,1,1,1137,10013,8877,1136,1083,796,1137,53,53
SE0064,sudoku_exchange,hard,29,BT_NAIVE,1.0,1,1,1755,15588,13834,1754,1702,1235,1755,52,52
SE0065,sudoku_exchange,hard,27,BT_NAIVE,1.0,1,1,37803,340017,302215,37802,37748,26142,37803,54,54
SE0066,sudoku_exchange,hard,28,BT_NAIVE,1.0,1,1,982,8606,7625,981,928,695,982,53,53
SE0067,sudoku_exchange,hard,31,BT_NAIVE,1.0,1,1,271,2210,1940,270,220,155,271,50,50
SE0068,sudoku_exchange,hard,27,BT_NAIVE,1.0,1,1,5931,53137,47207,5930,5876,4318,5931,54,54
SE0069,sudoku_exchange,hard,28,BT_NAIVE,1.0,1,1,6765,60669,53905,6764,6711,4846,6765,53,53
SE0070,sudoku_exchange,hard,32,BT_NAIVE,1.0,1,1,83,536,454,82,33,19,83,49,49
SE0071,sudoku_exchange,hard,25,BT_NAIVE,1.0,1,1,65970,593504,527535,65969,65913,46233,65970,56,56
SE0072,sudoku_exchange,hard,28,BT_NAIVE,1.0,1,1,16523,148488,131966,16522,16469,11483,16523,53,53
SE0073,sudoku_exchange,hard,28,BT_NAIVE,1.0,1,1,21541,193657,172117,21540,21487,14004,21541,53,53
SE0074,sudoku_exchange,hard,26,BT_NAIVE,1.0,1,1,2059,18300,16242,2058,2003,1453,2059,55,55
SE0075,sudoku_exchange,hard,26,BT_NAIVE,1.0,1,1,9599,86159,76561,9598,9543,6500,9599,55,55
SE0076,sudoku_exchange,diabolical,25,BT_NAIVE,1.0,1,1,48085,432522,384438,48084,48028,33442,48085,56,56
SE0077,sudoku_exchange,diabolical,26,BT_NAIVE,1.0,1,1,14543,130658,116116,14542,14487,9874,14543,55,55
SE0078,sudoku_exchange,diabolical,28,BT_NAIVE,1.0,1,1,5990,53708,47719,5989,5936,4086,5990,53,53
SE0079,sudoku_exchange,diabolical,26,BT_NAIVE,1.0,1,1,6232,55868,49637,6231,6176,4264,6232,55,55
SE0080,sudoku_exchange,diabolical,29,BT_NAIVE,1.0,1,1,15531,139557,124027,15530,15478,10992,15531,52,52
SE0081,sudoku_exchange,diabolical,28,BT_NAIVE,1.0,1,1,13254,119056,105803,13253,13200,9303,13254,53,53
SE0082,sudoku_exchange,diabolical,25,BT_NAIVE,1.0,1,1,229419,2064521,1835103,229418,229362,164648,229419,56,56
SE0083,sudoku_exchange,diabolical,28,BT_NAIVE,1.0,1,1,1316,11622,10307,1315,1262,786,1316,53,53
SE0084,sudoku_exchange,diabolical,24,BT_NAIVE,1.0,1,1,70809,637045,566237,70808,70751,48675,70809,57,57
SE0085,sudoku_exchange,diabolical,28,BT_NAIVE,1.0,1,1,13209,118665,105457,13208,13155,8757,13209,53,53
SE0086,sudoku_exchange,diabolical,28,BT_NAIVE,1.0,1,1,728,6333,5606,727,674,509,728,53,53
SE0087,sudoku_exchange,diabolical,32,BT_NAIVE,1.0,1,1,1110,9787,8678,1109,1060,753,1110,49,49
SE0088,sudoku_exchange,diabolical,27,BT_NAIVE,1.0,1,1,61156,550166,489011,61155,61101,43527,61156,54,54
SE0089,sudoku_exchange,diabolical,30,BT_NAIVE,1.0,1,1,8357,74976,66620,8356,8305,5883,8357,51,51
SE0090,sudoku_exchange,diabolical,28,BT_NAIVE,1.0,1,1,1129,9938,8810,1128,1075,754,1129,53,53
SE0091,sudoku_exchange,diabolical,28,BT_NAIVE,1.0,1,1,6958,62398,55441,6957,6904,4833,6958,53,53
SE0092,sudoku_exchange,diabolical,25,BT_NAIVE,1.0,1,1,16927,152096,135170,16926,16870,11962,16927,56,56
SE0093,sudoku_exchange,diabolical,28,BT_NAIVE,1.0,1,1,17440,156719,139280,17439,17386,12796,17440,53,53
SE0094,sudoku_exchange,diabolical,27,BT_NAIVE,1.0,1,1,1948,17302,15355,1947,1893,1404,1948,54,54
SE0095,sudoku_exchange,diabolical,27,BT_NAIVE,1.0,1,1,47214,424703,377490,47213,47159,34873,47214,54,54
SE0096,sudoku_exchange,diabolical,28,BT_NAIVE,1.0,1,1,6169,55299,49131,6168,6115,4453,6169,53,53
SE0097,sudoku_exchange,diabolical,27,BT_NAIVE,1.0,1,1,11478,103073,91596,11477,11423,8143,11478,54,54
SE0098,sudoku_exchange,diabolical,27,BT_NAIVE,1.0,1,1,10552,94729,84178,10551,10497,7646,10552,54,54
SE0099,sudoku_exchange,diabolical,28,BT_NAIVE,1.0,1,1,244,1994,1751,243,190,114,244,53,53
SE0100,sudoku_exchange,diabolical,29,BT_NAIVE,1.0,1,1,4977,44584,39608,4976,4924,3506,4977,52,52
