puzzle_id,source,source_difficulty,clue_count,naive_recursive_calls,mrv_recursive_calls,call_ratio_naive_over_mrv,ssi_log_call_ratio,outcome
SE0001,sudoku_exchange,easy,28,643,54,11.90740741,2.46036554,MRV_BETTER
SE0002,sudoku_exchange,easy,31,8958,51,175.64705882,5.14917017,MRV_BETTER
SE0003,sudoku_exchange,easy,29,9145,69,132.53623188,4.87257666,MRV_BETTER
SE0004,sudoku_exchange,easy,32,528,56,9.42857143,2.22793716,MRV_BETTER
SE0005,sudoku_exchange,easy,26,6309,56,112.66071429,4.70683969,MRV_BETTER
SE0006,sudoku_exchange,easy,31,205,58,3.53448276,1.25033872,MRV_BETTER
SE0007,sudoku_exchange,easy,27,2151,122,17.63114754,2.86196857,MRV_BETTER
SE0008,sudoku_exchange,easy,32,7379,129,57.20155039,4.03899447,MRV_BETTER
SE0009,sudoku_exchange,easy,30,4707,278,16.93165468,2.82580669,MRV_BETTER
SE0010,sudoku_exchange,easy,28,752,54,13.92592593,2.61673204,MRV_BETTER
SE0011,sudoku_exchange,easy,24,10143,173,58.63005780,4.06558238,MRV_BETTER
SE0012,sudoku_exchange,easy,24,515624,688,749.45348837,6.61789377,MRV_BETTER
SE0013,sudoku_exchange,easy,28,921,54,17.05555556,2.81921204,MRV_BETTER
SE0014,sudoku_exchange,easy,30,200,59,3.38983051,1.20896035,MRV_BETTER
SE0015,sudoku_exchange,easy,30,993,52,19.09615385,2.93144529,MRV_BETTER
SE0016,sudoku_exchange,easy,37,333,54,6.16666667,1.80380781,MRV_BETTER
SE0017,sudoku_exchange,easy,40,48,42,1.14285714,0.13062018,MRV_BETTER
SE0018,sudoku_exchange,easy,27,2984,55,54.25454545,3.97600334,MRV_BETTER
SE0019,sudoku_exchange,easy,32,579,50,11.58000000,2.43120247,MRV_BETTER
SE0020,sudoku_exchange,easy,30,105,192,0.54687500,-0.59925109,MRV_WORSE
SE0021,sudoku_exchange,easy,28,5475,54,101.38888889,4.60079700,MRV_BETTER
SE0022,sudoku_exchange,easy,34,335,50,6.70000000,1.88528553,MRV_BETTER
SE0023,sudoku_exchange,easy,30,1136,52,21.84615385,3.06585658,MRV_BETTER
SE0024,sudoku_exchange,easy,36,98,46,2.13043478,0.74497225,MRV_BETTER
SE0025,sudoku_exchange,easy,30,9329,52,179.40384615,5.17069838,MRV_BETTER
SE0026,sudoku_exchange,medium,25,3297,57,57.84210526,4.04062849,MRV_BETTER
SE0027,sudoku_exchange,medium,28,41656,54,771.40740741,6.62989152,MRV_BETTER
SE0028,sudoku_exchange,medium,26,4855,80,60.68750000,4.09352118,MRV_BETTER
SE0029,sudoku_exchange,medium,26,1724,56,30.78571429,3.40993106,MRV_BETTER
SE0030,sudoku_exchange,medium,26,1439,56,25.69642857,3.22934712,MRV_BETTER
SE0031,sudoku_exchange,medium,32,60,50,1.20000000,0.17904823,MRV_BETTER
SE0032,sudoku_exchange,medium,28,13741,118,116.44915254,4.74908862,MRV_BETTER
SE0033,sudoku_exchange,medium,24,12324,58,212.48275862,5.34184756,MRV_BETTER
SE0034,sudoku_exchange,medium,27,60603,91,665.96703297,6.49032760,MRV_BETTER
SE0035,sudoku_exchange,medium,27,15403,279,55.20788530,4.00759289,MRV_BETTER
SE0036,sudoku_exchange,medium,28,7717,54,142.90740741,4.94397736,MRV_BETTER
SE0037,sudoku_exchange,medium,26,20612,158,130.45569620,4.86477302,MRV_BETTER
SE0038,sudoku_exchange,medium,29,10345,53,195.18867925,5.25537120,MRV_BETTER
SE0039,sudoku_exchange,medium,27,2656,55,48.29090909,3.85960126,MRV_BETTER
SE0040,sudoku_exchange,medium,28,7517,78,96.37179487,4.55560757,MRV_BETTER
SE0041,sudoku_exchange,medium,32,1589,50,31.78000000,3.43966366,MRV_BETTER
SE0042,sudoku_exchange,medium,32,6600,50,132.00000000,4.86315080,MRV_BETTER
SE0043,sudoku_exchange,medium,27,25899,176,147.15340909,4.98584852,MRV_BETTER
SE0044,sudoku_exchange,medium,32,602,112,5.37500000,1.67452938,MRV_BETTER
SE0045,sudoku_exchange,medium,26,23300,383,60.83550914,4.10560900,MRV_BETTER
SE0046,sudoku_exchange,medium,28,1449,93,15.58064516,2.73602405,MRV_BETTER
SE0047,sudoku_exchange,medium,27,3426,83,41.27710843,3.70862372,MRV_BETTER
SE0048,sudoku_exchange,medium,28,20666,889,23.24634421,3.14507204,MRV_BETTER
SE0049,sudoku_exchange,medium,28,14180,513,27.64132554,3.31743505,MRV_BETTER
SE0050,sudoku_exchange,medium,26,5404,90,60.04444444,4.08422022,MRV_BETTER
SE0051,sudoku_exchange,hard,28,7921,246,32.19918699,3.46801064,MRV_BETTER
SE0052,sudoku_exchange,hard,28,5815,54,107.68518519,4.66103483,MRV_BETTER
SE0053,sudoku_exchange,hard,31,1956,51,38.35294118,3.62792425,MRV_BETTER
SE0054,sudoku_exchange,hard,25,10573,107,98.81308411,4.58402221,MRV_BETTER
SE0055,sudoku_exchange,hard,28,2980,491,6.06924644,1.80153538,MRV_BETTER
SE0056,sudoku_exchange,hard,28,3875,236,16.41949153,2.79449883,MRV_BETTER
SE0057,sudoku_exchange,hard,27,126637,80,1582.96250000,7.35463875,MRV_BETTER
SE0058,sudoku_exchange,hard,24,43280,235,184.17021277,5.21163721,MRV_BETTER
SE0059,sudoku_exchange,hard,28,342,197,1.73604061,0.54946342,MRV_BETTER
SE0060,sudoku_exchange,hard,33,2334,105,22.22857143,3.09232808,MRV_BETTER
SE0061,sudoku_exchange,hard,28,14729,54,272.75925926,5.59030832,MRV_BETTER
SE0062,sudoku_exchange,hard,30,1331,77,17.28571429,2.83772802,MRV_BETTER
SE0063,sudoku_exchange,hard,28,1137,96,11.84375000,2.46231664,MRV_BETTER
SE0064,sudoku_exchange,hard,29,1755,210,8.35714286,2.11893564,MRV_BETTER
SE0065,sudoku_exchange,hard,27,37803,71,532.43661972,6.26350408,MRV_BETTER
SE0066,sudoku_exchange,hard,28,982,54,18.18518519,2.88327593,MRV_BETTER
SE0067,sudoku_exchange,hard,31,271,51,5.31372549,1.65455835,MRV_BETTER
SE0068,sudoku_exchange,hard,27,5931,120,49.42500000,3.89232616,MRV_BETTER
SE0069,sudoku_exchange,hard,28,6765,110,61.50000000,4.11013515,MRV_BETTER
SE0070,sudoku_exchange,hard,32,83,190,0.43684211,-0.82145663,MRV_WORSE
SE0071,sudoku_exchange,hard,25,65970,157,420.19108280,6.03437550,MRV_BETTER
SE0072,sudoku_exchange,hard,28,16523,150,110.15333333,4.69528931,MRV_BETTER
SE0073,sudoku_exchange,hard,28,21541,89,242.03370787,5.47795013,MRV_BETTER
SE0074,sudoku_exchange,hard,26,2059,212,9.71226415,2.26916910,MRV_BETTER
SE0075,sudoku_exchange,hard,26,9599,56,171.41071429,5.12646711,MRV_BETTER
SE0076,sudoku_exchange,diabolical,25,48085,510,94.28431373,4.54437676,MRV_BETTER
SE0077,sudoku_exchange,diabolical,26,14543,149,97.60402685,4.57429852,MRV_BETTER
SE0078,sudoku_exchange,diabolical,28,5990,92,65.10869565,4.16541413,MRV_BETTER
SE0079,sudoku_exchange,diabolical,26,6232,733,8.50204638,2.13910401,MRV_BETTER
SE0080,sudoku_exchange,diabolical,29,15531,150,103.54000000,4.63337785,MRV_BETTER
SE0081,sudoku_exchange,diabolical,28,13254,101,131.22772277,4.86715731,MRV_BETTER
SE0082,sudoku_exchange,diabolical,25,229419,288,796.59375000,6.67688298,MRV_BETTER
SE0083,sudoku_exchange,diabolical,28,1316,85,15.48235294,2.72876441,MRV_BETTER
SE0084,sudoku_exchange,diabolical,24,70809,1780,39.78033708,3.68282523,MRV_BETTER
SE0085,sudoku_exchange,diabolical,28,13209,455,29.03076923,3.36623659,MRV_BETTER
SE0086,sudoku_exchange,diabolical,28,728,72,10.11111111,2.30121429,MRV_BETTER
SE0087,sudoku_exchange,diabolical,32,1110,77,14.41558442,2.65630696,MRV_BETTER
SE0088,sudoku_exchange,diabolical,27,61156,247,247.59514170,5.50777086,MRV_BETTER
SE0089,sudoku_exchange,diabolical,30,8357,323,25.87306502,3.25023093,MRV_BETTER
SE0090,sudoku_exchange,diabolical,28,1129,56,20.16071429,2.98692164,MRV_BETTER
SE0091,sudoku_exchange,diabolical,28,6958,419,16.60620525,2.80753635,MRV_BETTER
SE0092,sudoku_exchange,diabolical,25,16927,196,86.36224490,4.45352061,MRV_BETTER
SE0093,sudoku_exchange,diabolical,28,17440,209,83.44497608,4.41947150,MRV_BETTER
SE0094,sudoku_exchange,diabolical,27,1948,341,5.71260997,1.74026096,MRV_BETTER
SE0095,sudoku_exchange,diabolical,27,47214,214,220.62616822,5.39182889,MRV_BETTER
SE0096,sudoku_exchange,diabolical,28,6169,426,14.48122066,2.67067010,MRV_BETTER
SE0097,sudoku_exchange,diabolical,27,11478,172,66.73255814,4.19498296,MRV_BETTER
SE0098,sudoku_exchange,diabolical,27,10552,533,19.79737336,2.98376962,MRV_BETTER
SE0099,sudoku_exchange,diabolical,28,244,54,4.51851852,1.49392503,MRV_BETTER
SE0100,sudoku_exchange,diabolical,29,4977,53,93.90566038,4.52379944,MRV_BETTER
